Timestamp,Frame_Number,FPS,Detection_Time_ms,Inference_Time_ms,Faces_Detected,Processed,Device
System Info,GPU 0,NVIDIA A10,21.99 GB,,,,
2024-10-24 13:55:05.439809,0,0.00,3.21,276.93,1,True,cuda
2024-10-24 13:55:05.441364,1,1.75,0.00,0.00,0,False,cuda
2024-10-24 13:55:05.442575,2,227.07,0.00,0.00,0,False,cuda
2024-10-24 13:55:05.463812,3,401.37,2.74,14.64,1,True,cuda
2024-10-24 13:55:05.465162,4,330.51,0.00,0.00,0,False,cuda
2024-10-24 13:55:05.466205,5,402.78,0.00,0.00,0,False,cuda
2024-10-24 13:55:05.487190,6,480.13,2.81,14.38,1,True,cuda
2024-10-24 13:55:05.488379,7,426.07,0.00,0.00,0,False,cuda
2024-10-24 13:55:05.489399,8,474.44,0.00,0.00,0,False,cuda
2024-10-24 13:55:05.511847,9,526.15,4.21,14.35,1,True,cuda
2024-10-24 13:55:05.513071,10,482.36,0.00,0.00,0,False,cuda
2024-10-24 13:55:05.514318,11,509.46,0.00,0.00,0,False,cuda
2024-10-24 13:55:05.535566,12,533.34,2.93,14.38,1,True,cuda
2024-10-24 13:55:05.536804,13,498.60,0.00,0.00,0,False,cuda
2024-10-24 13:55:05.538005,14,519.43,0.00,0.00,0,False,cuda
2024-10-24 13:55:05.559072,15,538.77,2.72,14.31,1,True,cuda
2024-10-24 13:55:05.560306,16,509.87,0.00,0.00,0,False,cuda
2024-10-24 13:55:05.561507,17,527.01,0.00,0.00,0,False,cuda
2024-10-24 13:55:05.582554,18,543.31,2.70,14.34,1,True,cuda
2024-10-24 13:55:05.583774,19,518.52,0.00,0.00,0,False,cuda
2024-10-24 13:55:05.585005,20,531.60,0.00,0.00,0,False,cuda
2024-10-24 13:55:05.606816,21,545.46,2.82,14.29,1,True,cuda
2024-10-24 13:55:05.608054,22,523.73,0.00,0.00,0,False,cuda
2024-10-24 13:55:05.609253,23,535.98,0.00,0.00,0,False,cuda
2024-10-24 13:55:05.630425,24,548.55,2.79,14.32,1,True,cuda
2024-10-24 13:55:05.631652,25,529.26,0.00,0.00,0,False,cuda
2024-10-24 13:55:05.632838,26,540.39,0.00,0.00,0,False,cuda
2024-10-24 13:55:05.653548,27,551.53,2.47,14.38,1,True,cuda
2024-10-24 13:55:05.654785,28,534.17,0.00,0.00,0,False,cuda
2024-10-24 13:55:05.655977,29,543.68,0.00,0.00,0,False,cuda
2024-10-24 13:55:05.676713,30,571.97,2.61,14.27,1,True,cuda
2024-10-24 13:55:05.677923,31,573.46,0.00,0.00,0,False,cuda
2024-10-24 13:55:05.679155,32,577.54,0.00,0.00,0,False,cuda
2024-10-24 13:55:05.699822,33,574.64,2.58,14.27,1,True,cuda
2024-10-24 13:55:05.701050,34,574.68,0.00,0.00,0,False,cuda
2024-10-24 13:55:05.702278,35,576.65,0.00,0.00,0,False,cuda
2024-10-24 13:55:05.723127,36,572.77,2.49,14.28,1,True,cuda
2024-10-24 13:55:05.724356,37,572.78,0.00,0.00,0,False,cuda
2024-10-24 13:55:05.725557,38,571.35,0.00,0.00,0,False,cuda
2024-10-24 13:55:05.746495,39,565.85,2.94,14.22,1,True,cuda
2024-10-24 13:55:05.747731,40,565.96,0.00,0.00,0,False,cuda
2024-10-24 13:55:05.748925,41,566.52,0.00,0.00,0,False,cuda
2024-10-24 13:55:05.784692,42,567.35,2.38,14.21,1,True,cuda
2024-10-24 13:55:05.785897,43,566.71,0.00,0.00,0,False,cuda
2024-10-24 13:55:05.787117,44,566.48,0.00,0.00,0,False,cuda
2024-10-24 13:55:05.807706,45,567.29,2.56,14.29,1,True,cuda
2024-10-24 13:55:05.808939,46,567.33,0.00,0.00,0,False,cuda
2024-10-24 13:55:05.810120,47,567.21,0.00,0.00,0,False,cuda
2024-10-24 13:55:05.830915,48,566.99,2.74,14.30,1,True,cuda
2024-10-24 13:55:05.832292,49,567.01,0.00,0.00,0,False,cuda
2024-10-24 13:55:05.833520,50,564.43,0.00,0.00,0,False,cuda
2024-10-24 13:55:05.854110,51,564.40,2.52,14.30,1,True,cuda
2024-10-24 13:55:05.855369,52,564.49,0.00,0.00,0,False,cuda
2024-10-24 13:55:05.856566,53,564.66,0.00,0.00,0,False,cuda
2024-10-24 13:55:05.877073,54,564.51,2.67,14.27,1,True,cuda
2024-10-24 13:55:05.878344,55,564.56,0.00,0.00,0,False,cuda
2024-10-24 13:55:05.879545,56,563.27,0.00,0.00,0,False,cuda
2024-10-24 13:55:05.900043,57,563.46,2.56,14.42,1,True,cuda
2024-10-24 13:55:05.901271,58,563.48,0.00,0.00,0,False,cuda
2024-10-24 13:55:05.902555,59,562.95,0.00,0.00,0,False,cuda
2024-10-24 13:55:05.922823,60,561.42,2.55,14.27,1,True,cuda
2024-10-24 13:55:05.924050,61,561.46,0.00,0.00,0,False,cuda
2024-10-24 13:55:05.925244,62,562.31,0.00,0.00,0,False,cuda
2024-10-24 13:55:05.945820,63,562.64,2.58,14.39,1,True,cuda
2024-10-24 13:55:05.947075,64,562.64,0.00,0.00,0,False,cuda
2024-10-24 13:55:05.948273,65,562.53,0.00,0.00,0,False,cuda
2024-10-24 13:55:05.968418,66,562.81,2.50,14.29,1,True,cuda
2024-10-24 13:55:05.969633,67,562.87,0.00,0.00,0,False,cuda
2024-10-24 13:55:05.970858,68,562.25,0.00,0.00,0,False,cuda
2024-10-24 13:55:05.992749,69,562.34,2.38,14.24,1,True,cuda
2024-10-24 13:55:05.993815,70,562.27,0.00,0.00,0,False,cuda
2024-10-24 13:55:05.994867,71,564.91,0.00,0.00,0,False,cuda
2024-10-24 13:55:06.014761,72,568.97,2.49,14.23,1,True,cuda
2024-10-24 13:55:06.015909,73,569.71,0.00,0.00,0,False,cuda
2024-10-24 13:55:06.016921,74,572.85,0.00,0.00,0,False,cuda
2024-10-24 13:55:06.036784,75,577.92,2.48,14.23,1,True,cuda
2024-10-24 13:55:06.037955,76,577.98,0.00,0.00,0,False,cuda
2024-10-24 13:55:06.039029,77,579.32,0.00,0.00,0,False,cuda
2024-10-24 13:55:06.084443,78,562.13,2.65,14.05,1,True,cuda
2024-10-24 13:55:06.085353,79,561.30,0.00,0.00,0,False,cuda
2024-10-24 13:55:06.086229,80,573.88,0.00,0.00,0,False,cuda
2024-10-24 13:55:06.107654,81,585.12,2.62,14.16,1,True,cuda
2024-10-24 13:55:06.108611,82,585.06,0.00,0.00,0,False,cuda
2024-10-24 13:55:06.109404,83,593.08,0.00,0.00,0,False,cuda
2024-10-24 13:55:06.132625,84,586.68,2.52,14.12,1,True,cuda
2024-10-24 13:55:06.133529,85,586.54,0.00,0.00,0,False,cuda
2024-10-24 13:55:06.134340,86,596.92,0.00,0.00,0,False,cuda
2024-10-24 13:55:06.154532,87,609.25,2.74,14.23,1,True,cuda
2024-10-24 13:55:06.155820,88,609.28,0.00,0.00,0,False,cuda
2024-10-24 13:55:06.156878,89,609.02,0.00,0.00,0,False,cuda
2024-10-24 13:55:06.176632,90,614.20,2.51,14.17,1,True,cuda
2024-10-24 13:55:06.179286,91,614.13,0.00,0.00,0,False,cuda
2024-10-24 13:55:06.180349,92,615.03,0.00,0.00,0,False,cuda
2024-10-24 13:55:06.200658,93,619.04,2.62,14.10,1,True,cuda
2024-10-24 13:55:06.201811,94,619.06,0.00,0.00,0,False,cuda
2024-10-24 13:55:06.202909,95,619.79,0.00,0.00,0,False,cuda
2024-10-24 13:55:06.222903,96,623.83,2.45,14.22,1,True,cuda
2024-10-24 13:55:06.224040,97,623.84,0.00,0.00,0,False,cuda
2024-10-24 13:55:06.225121,98,626.14,0.00,0.00,0,False,cuda
2024-10-24 13:55:06.244814,99,630.44,2.65,14.23,1,True,cuda
2024-10-24 13:55:06.245944,100,630.61,0.00,0.00,0,False,cuda
2024-10-24 13:55:06.247060,101,628.85,0.00,0.00,0,False,cuda
2024-10-24 13:55:06.284500,102,605.85,2.51,14.06,1,True,cuda
2024-10-24 13:55:06.285360,103,605.13,0.00,0.00,0,False,cuda
2024-10-24 13:55:06.287244,104,592.69,0.00,0.00,0,False,cuda
2024-10-24 13:55:06.312560,105,598.41,2.40,14.10,1,True,cuda
2024-10-24 13:55:06.315039,106,597.98,0.00,0.00,0,False,cuda
2024-10-24 13:55:06.315863,107,604.94,0.00,0.00,0,False,cuda
2024-10-24 13:55:06.356488,108,635.04,2.61,14.08,1,True,cuda
2024-10-24 13:55:06.357661,109,635.09,0.00,0.00,0,False,cuda
2024-10-24 13:55:06.358779,110,627.23,0.00,0.00,0,False,cuda
2024-10-24 13:55:06.380521,111,619.54,2.59,14.04,1,True,cuda
2024-10-24 13:55:06.381692,112,619.51,0.00,0.00,0,False,cuda
2024-10-24 13:55:06.383118,113,603.41,0.00,0.00,0,False,cuda
2024-10-24 13:55:06.403786,114,619.42,2.46,14.29,1,True,cuda
2024-10-24 13:55:06.404892,115,619.55,0.00,0.00,0,False,cuda
2024-10-24 13:55:06.405924,116,613.10,0.00,0.00,0,False,cuda
2024-10-24 13:55:06.448500,117,603.92,2.30,14.11,1,True,cuda
2024-10-24 13:55:06.449640,118,603.05,0.00,0.00,0,False,cuda
2024-10-24 13:55:06.450784,119,605.97,0.00,0.00,0,False,cuda
2024-10-24 13:55:06.471183,120,604.88,2.56,14.19,1,True,cuda
2024-10-24 13:55:06.472339,121,604.94,0.00,0.00,0,False,cuda
2024-10-24 13:55:06.473403,122,605.81,0.00,0.00,0,False,cuda
2024-10-24 13:55:06.494033,123,605.90,2.67,14.18,1,True,cuda
2024-10-24 13:55:06.499186,124,605.59,0.00,0.00,0,False,cuda
2024-10-24 13:55:06.500037,125,613.53,0.00,0.00,0,False,cuda
2024-10-24 13:55:06.552666,126,621.69,2.41,14.35,1,True,cuda
2024-10-24 13:55:06.553684,127,620.66,0.00,0.00,0,False,cuda
2024-10-24 13:55:06.554574,128,623.75,0.00,0.00,0,False,cuda
2024-10-24 13:55:06.575804,129,632.59,4.39,14.32,1,True,cuda
2024-10-24 13:55:06.576758,130,632.47,0.00,0.00,0,False,cuda
2024-10-24 13:55:06.577569,131,639.96,0.00,0.00,0,False,cuda
2024-10-24 13:55:06.597083,132,668.43,2.51,14.21,1,True,cuda
2024-10-24 13:55:06.598074,133,669.18,0.00,0.00,0,False,cuda
2024-10-24 13:55:06.600051,134,669.76,0.00,0.00,0,False,cuda
2024-10-24 13:55:06.620658,135,650.52,2.32,14.15,1,True,cuda
2024-10-24 13:55:06.621798,136,650.94,0.00,0.00,0,False,cuda
2024-10-24 13:55:06.622930,137,644.08,0.00,0.00,0,False,cuda
2024-10-24 13:55:06.644765,138,613.38,2.40,14.28,1,True,cuda
2024-10-24 13:55:06.645943,139,614.26,0.00,0.00,0,False,cuda
2024-10-24 13:55:06.647137,140,613.40,0.00,0.00,0,False,cuda
2024-10-24 13:55:06.668372,141,611.47,2.45,14.23,1,True,cuda
2024-10-24 13:55:06.669579,142,611.51,0.00,0.00,0,False,cuda
2024-10-24 13:55:06.670759,143,619.58,0.00,0.00,0,False,cuda
2024-10-24 13:55:06.690776,144,611.57,2.49,14.30,1,True,cuda
2024-10-24 13:55:06.692005,145,611.62,0.00,0.00,0,False,cuda
2024-10-24 13:55:06.693153,146,608.85,0.00,0.00,0,False,cuda
2024-10-24 13:55:06.760292,147,591.18,2.34,16.08,1,True,cuda
2024-10-24 13:55:06.761580,148,590.90,0.00,0.00,0,False,cuda
2024-10-24 13:55:06.763222,149,578.11,0.00,0.00,0,False,cuda
2024-10-24 13:55:06.784653,150,584.69,2.42,14.15,1,True,cuda
2024-10-24 13:55:06.785889,151,584.61,0.00,0.00,0,False,cuda
2024-10-24 13:55:06.787063,152,581.71,0.00,0.00,0,False,cuda
2024-10-24 13:55:06.807009,153,579.43,2.46,14.19,1,True,cuda
2024-10-24 13:55:06.808218,154,579.76,0.00,0.00,0,False,cuda
2024-10-24 13:55:06.809359,155,571.82,0.00,0.00,0,False,cuda
2024-10-24 13:55:06.852510,156,549.49,2.42,14.11,1,True,cuda
2024-10-24 13:55:06.855468,157,549.61,0.00,0.00,0,False,cuda
2024-10-24 13:55:06.856619,158,545.45,0.00,0.00,0,False,cuda
2024-10-24 13:55:06.896427,159,534.35,2.42,14.01,1,True,cuda
2024-10-24 13:55:06.897316,160,533.61,0.00,0.00,0,False,cuda
2024-10-24 13:55:06.898183,161,535.28,0.00,0.00,0,False,cuda
2024-10-24 13:55:06.917875,162,537.34,2.67,14.20,1,True,cuda
2024-10-24 13:55:06.918845,163,537.31,0.00,0.00,0,False,cuda
2024-10-24 13:55:06.919656,164,555.35,0.00,0.00,0,False,cuda
2024-10-24 13:55:06.939285,165,576.64,2.59,14.21,1,True,cuda
2024-10-24 13:55:06.943268,166,576.45,0.00,0.00,0,False,cuda
2024-10-24 13:55:06.944288,167,577.36,0.00,0.00,0,False,cuda
2024-10-24 13:55:06.972703,168,587.17,2.47,14.24,1,True,cuda
2024-10-24 13:55:06.973946,169,586.67,0.00,0.00,0,False,cuda
2024-10-24 13:55:06.975188,170,585.20,0.00,0.00,0,False,cuda
2024-10-24 13:55:06.995379,171,583.95,2.51,14.24,1,True,cuda
2024-10-24 13:55:06.996596,172,584.03,0.00,0.00,0,False,cuda
2024-10-24 13:55:06.997782,173,584.38,0.00,0.00,0,False,cuda
2024-10-24 13:55:07.044349,174,561.69,2.46,13.95,1,True,cuda
2024-10-24 13:55:07.045295,175,560.80,0.00,0.00,0,False,cuda
2024-10-24 13:55:07.047339,176,551.08,0.00,0.00,0,False,cuda
2024-10-24 13:55:07.068804,177,566.01,2.54,14.30,1,True,cuda
2024-10-24 13:55:07.069976,178,567.06,0.00,0.00,0,False,cuda
2024-10-24 13:55:07.071093,179,578.78,0.00,0.00,0,False,cuda
2024-10-24 13:55:07.091615,180,571.59,2.61,14.31,1,True,cuda
2024-10-24 13:55:07.092773,181,571.66,0.00,0.00,0,False,cuda
2024-10-24 13:55:07.095026,182,558.67,0.00,0.00,0,False,cuda
2024-10-24 13:55:07.170476,183,565.24,2.46,22.81,1,True,cuda
2024-10-24 13:55:07.171643,184,564.01,0.00,0.00,0,False,cuda
2024-10-24 13:55:07.172766,185,565.99,0.00,0.00,0,False,cuda
2024-10-24 13:55:07.250186,186,578.13,4.09,22.69,1,True,cuda
2024-10-24 13:55:07.251107,187,577.80,0.00,0.00,0,False,cuda
2024-10-24 13:55:07.253735,188,562.48,0.00,0.00,0,False,cuda
2024-10-24 13:55:07.304470,189,570.06,2.55,14.60,1,True,cuda
2024-10-24 13:55:07.305620,190,569.88,0.00,0.00,0,False,cuda
2024-10-24 13:55:07.306521,191,567.11,0.00,0.00,0,False,cuda
2024-10-24 13:55:07.326949,192,568.36,2.47,14.40,1,True,cuda
2024-10-24 13:55:07.327963,193,568.29,0.00,0.00,0,False,cuda
2024-10-24 13:55:07.328840,194,568.00,0.00,0.00,0,False,cuda
2024-10-24 13:55:07.349512,195,566.50,2.55,14.53,1,True,cuda
2024-10-24 13:55:07.350544,196,566.62,0.00,0.00,0,False,cuda
2024-10-24 13:55:07.351597,197,568.49,0.00,0.00,0,False,cuda
2024-10-24 13:55:07.393749,198,586.94,2.50,14.71,1,True,cuda
2024-10-24 13:55:07.399496,199,586.45,0.00,0.00,0,False,cuda
2024-10-24 13:55:07.400387,200,593.71,0.00,0.00,0,False,cuda
2024-10-24 13:55:07.422872,201,604.06,2.66,14.38,1,True,cuda
2024-10-24 13:55:07.423828,202,603.89,0.00,0.00,0,False,cuda
2024-10-24 13:55:07.424693,203,612.36,0.00,0.00,0,False,cuda
2024-10-24 13:55:07.476245,204,641.76,2.61,14.83,1,True,cuda
2024-10-24 13:55:07.477220,205,641.63,0.00,0.00,0,False,cuda
2024-10-24 13:55:07.478093,206,659.29,0.00,0.00,0,False,cuda
2024-10-24 13:55:07.510633,207,668.59,2.41,14.64,1,True,cuda
2024-10-24 13:55:07.511803,208,668.07,0.00,0.00,0,False,cuda
2024-10-24 13:55:07.512901,209,668.73,0.00,0.00,0,False,cuda
2024-10-24 13:55:07.532986,210,670.39,2.50,14.36,1,True,cuda
2024-10-24 13:55:07.534085,211,670.42,0.00,0.00,0,False,cuda
2024-10-24 13:55:07.535181,212,687.08,0.00,0.00,0,False,cuda
2024-10-24 13:55:07.555421,213,681.90,2.68,14.33,1,True,cuda
2024-10-24 13:55:07.556607,214,683.10,0.00,0.00,0,False,cuda
2024-10-24 13:55:07.557689,215,683.03,0.00,0.00,0,False,cuda
2024-10-24 13:55:07.579094,216,672.23,2.65,15.12,1,True,cuda
2024-10-24 13:55:07.580228,217,673.40,0.00,0.00,0,False,cuda
2024-10-24 13:55:07.581333,218,690.32,0.00,0.00,0,False,cuda
2024-10-24 13:55:07.623342,219,673.14,2.48,14.52,1,True,cuda
2024-10-24 13:55:07.624485,220,673.29,0.00,0.00,0,False,cuda
2024-10-24 13:55:07.626259,221,657.75,0.00,0.00,0,False,cuda
2024-10-24 13:55:07.668671,222,646.37,2.54,14.27,1,True,cuda
2024-10-24 13:55:07.669779,223,645.54,0.00,0.00,0,False,cuda
2024-10-24 13:55:07.670917,224,638.44,0.00,0.00,0,False,cuda
2024-10-24 13:55:07.690750,225,630.37,2.45,14.33,1,True,cuda
2024-10-24 13:55:07.691835,226,630.44,0.00,0.00,0,False,cuda
2024-10-24 13:55:07.692968,227,630.42,0.00,0.00,0,False,cuda
2024-10-24 13:55:07.713090,228,622.00,2.57,14.27,1,True,cuda
2024-10-24 13:55:07.715188,229,622.85,0.00,0.00,0,False,cuda
2024-10-24 13:55:07.716033,230,626.21,0.00,0.00,0,False,cuda
2024-10-24 13:55:07.740800,231,600.56,3.26,14.18,1,True,cuda
2024-10-24 13:55:07.741954,232,600.53,0.00,0.00,0,False,cuda
2024-10-24 13:55:07.743060,233,592.47,0.00,0.00,0,False,cuda
2024-10-24 13:55:07.762872,234,587.94,2.36,14.22,1,True,cuda
2024-10-24 13:55:07.764021,235,588.97,0.00,0.00,0,False,cuda
2024-10-24 13:55:07.765089,236,582.96,0.00,0.00,0,False,cuda
2024-10-24 13:55:07.785180,237,576.54,2.58,14.20,1,True,cuda
2024-10-24 13:55:07.786375,238,577.17,0.00,0.00,0,False,cuda
2024-10-24 13:55:07.787423,239,576.96,0.00,0.00,0,False,cuda
2024-10-24 13:55:07.832532,240,554.53,2.31,14.11,1,True,cuda
2024-10-24 13:55:07.833492,241,553.66,0.00,0.00,0,False,cuda
2024-10-24 13:55:07.834367,242,557.14,0.00,0.00,0,False,cuda
2024-10-24 13:55:07.854280,243,564.53,2.49,14.32,1,True,cuda
2024-10-24 13:55:07.855243,244,564.57,0.00,0.00,0,False,cuda
2024-10-24 13:55:07.856091,245,570.17,0.00,0.00,0,False,cuda
2024-10-24 13:55:07.875888,246,590.70,2.55,14.26,1,True,cuda
2024-10-24 13:55:07.877311,247,590.73,0.00,0.00,0,False,cuda
2024-10-24 13:55:07.878969,248,580.95,0.00,0.00,0,False,cuda
2024-10-24 13:55:07.920671,249,599.57,2.31,14.22,1,True,cuda
2024-10-24 13:55:07.921620,250,599.56,0.00,0.00,0,False,cuda
2024-10-24 13:55:07.922512,251,614.61,0.00,0.00,0,False,cuda
2024-10-24 13:55:07.942543,252,624.25,2.44,14.33,1,True,cuda
2024-10-24 13:55:07.943512,253,625.12,0.00,0.00,0,False,cuda
2024-10-24 13:55:07.944362,254,631.93,0.00,0.00,0,False,cuda
2024-10-24 13:55:07.964259,255,639.43,2.57,14.29,1,True,cuda
2024-10-24 13:55:07.965219,256,639.43,0.00,0.00,0,False,cuda
2024-10-24 13:55:07.966058,257,643.85,0.00,0.00,0,False,cuda
2024-10-24 13:55:07.986275,258,653.07,2.58,14.31,1,True,cuda
2024-10-24 13:55:07.991208,259,652.90,0.00,0.00,0,False,cuda
2024-10-24 13:55:07.993493,260,631.24,0.00,0.00,0,False,cuda
2024-10-24 13:55:08.028686,261,646.03,2.40,14.26,1,True,cuda
2024-10-24 13:55:08.029851,262,645.53,0.00,0.00,0,False,cuda
2024-10-24 13:55:08.031062,263,644.30,0.00,0.00,0,False,cuda
2024-10-24 13:55:08.051028,264,641.57,2.42,14.25,1,True,cuda
2024-10-24 13:55:08.052231,265,641.56,0.00,0.00,0,False,cuda
2024-10-24 13:55:08.053395,266,640.18,0.00,0.00,0,False,cuda
2024-10-24 13:55:08.073716,267,637.99,2.51,14.34,1,True,cuda
2024-10-24 13:55:08.074934,268,637.97,0.00,0.00,0,False,cuda
2024-10-24 13:55:08.076083,269,637.47,0.00,0.00,0,False,cuda
2024-10-24 13:55:08.096442,270,657.73,2.53,14.49,1,True,cuda
2024-10-24 13:55:08.097639,271,658.58,0.00,0.00,0,False,cuda
2024-10-24 13:55:08.098826,272,652.46,0.00,0.00,0,False,cuda
2024-10-24 13:55:08.118826,273,642.85,2.44,14.22,1,True,cuda
2024-10-24 13:55:08.120010,274,642.84,0.00,0.00,0,False,cuda
2024-10-24 13:55:08.121177,275,635.49,0.00,0.00,0,False,cuda
2024-10-24 13:55:08.141772,276,625.11,2.30,14.34,1,True,cuda
2024-10-24 13:55:08.142740,277,625.08,0.00,0.00,0,False,cuda
2024-10-24 13:55:08.143585,278,641.53,0.00,0.00,0,False,cuda
2024-10-24 13:55:08.164575,279,642.99,2.34,14.11,1,True,cuda
2024-10-24 13:55:08.165717,280,643.78,0.00,0.00,0,False,cuda
2024-10-24 13:55:08.166796,281,638.62,0.00,0.00,0,False,cuda
2024-10-24 13:55:08.188800,282,615.15,2.35,14.23,1,True,cuda
2024-10-24 13:55:08.189994,283,615.08,0.00,0.00,0,False,cuda
2024-10-24 13:55:08.191163,284,607.54,0.00,0.00,0,False,cuda
2024-10-24 13:55:08.211215,285,598.02,2.28,14.22,1,True,cuda
2024-10-24 13:55:08.212388,286,598.00,0.00,0.00,0,False,cuda
2024-10-24 13:55:08.213542,287,591.08,0.00,0.00,0,False,cuda
2024-10-24 13:55:08.234278,288,571.38,2.41,14.34,1,True,cuda
2024-10-24 13:55:08.235374,289,571.64,0.00,0.00,0,False,cuda
2024-10-24 13:55:08.236436,290,587.11,0.00,0.00,0,False,cuda
2024-10-24 13:55:08.257042,291,591.43,2.56,14.23,1,True,cuda
2024-10-24 13:55:08.258200,292,592.10,0.00,0.00,0,False,cuda
2024-10-24 13:55:08.259277,293,593.69,0.00,0.00,0,False,cuda
2024-10-24 13:55:08.279663,294,596.19,2.48,14.19,1,True,cuda
2024-10-24 13:55:08.283000,295,595.99,0.00,0.00,0,False,cuda
2024-10-24 13:55:08.283836,296,604.36,0.00,0.00,0,False,cuda
2024-10-24 13:55:08.328583,297,590.35,2.48,14.20,1,True,cuda
2024-10-24 13:55:08.331087,298,589.45,0.00,0.00,0,False,cuda
2024-10-24 13:55:08.331935,299,596.92,0.00,0.00,0,False,cuda
2024-10-24 13:55:08.351851,300,607.66,2.46,14.23,1,True,cuda
2024-10-24 13:55:08.353031,301,607.70,0.00,0.00,0,False,cuda
2024-10-24 13:55:08.354117,302,608.83,0.00,0.00,0,False,cuda
2024-10-24 13:55:08.396599,303,610.46,2.40,14.23,1,True,cuda
2024-10-24 13:55:08.397589,304,609.58,0.00,0.00,0,False,cuda
2024-10-24 13:55:08.398464,305,613.94,0.00,0.00,0,False,cuda
2024-10-24 13:55:08.440548,306,624.76,2.35,14.17,1,True,cuda
2024-10-24 13:55:08.441711,307,623.94,0.00,0.00,0,False,cuda
2024-10-24 13:55:08.442920,308,616.12,0.00,0.00,0,False,cuda
2024-10-24 13:55:08.484643,309,586.21,2.43,14.24,1,True,cuda
2024-10-24 13:55:08.485519,310,585.46,0.00,0.00,0,False,cuda
2024-10-24 13:55:08.486359,311,592.70,0.00,0.00,0,False,cuda
2024-10-24 13:55:08.506334,312,618.04,2.52,14.35,1,True,cuda
2024-10-24 13:55:08.510821,313,617.87,0.00,0.00,0,False,cuda
2024-10-24 13:55:08.511680,314,623.80,0.00,0.00,0,False,cuda
2024-10-24 13:55:08.532866,315,635.38,2.47,14.35,1,True,cuda
2024-10-24 13:55:08.533797,316,635.29,0.00,0.00,0,False,cuda
2024-10-24 13:55:08.534671,317,642.19,0.00,0.00,0,False,cuda
2024-10-24 13:55:08.560727,318,662.96,2.38,14.26,1,True,cuda
2024-10-24 13:55:08.563063,319,662.52,0.00,0.00,0,False,cuda
2024-10-24 13:55:08.563975,320,665.45,0.00,0.00,0,False,cuda
2024-10-24 13:55:08.587151,321,670.93,2.42,14.43,1,True,cuda
2024-10-24 13:55:08.588386,322,670.75,0.00,0.00,0,False,cuda
2024-10-24 13:55:08.589570,323,670.14,0.00,0.00,0,False,cuda
2024-10-24 13:55:08.610816,324,658.07,2.36,14.28,1,True,cuda
2024-10-24 13:55:08.611713,325,658.22,0.00,0.00,0,False,cuda
2024-10-24 13:55:08.612521,326,659.70,0.00,0.00,0,False,cuda
2024-10-24 13:55:08.632375,327,686.70,2.63,14.11,1,True,cuda
2024-10-24 13:55:08.633326,328,687.64,0.00,0.00,0,False,cuda
2024-10-24 13:55:08.634195,329,687.82,0.00,0.00,0,False,cuda
2024-10-24 13:55:08.654759,330,686.03,3.52,14.15,1,True,cuda
2024-10-24 13:55:08.655700,331,685.98,0.00,0.00,0,False,cuda
2024-10-24 13:55:08.656523,332,693.82,0.00,0.00,0,False,cuda
2024-10-24 13:55:08.676170,333,703.98,2.64,14.16,1,True,cuda
2024-10-24 13:55:08.677154,334,704.89,0.00,0.00,0,False,cuda
2024-10-24 13:55:08.677982,335,707.41,0.00,0.00,0,False,cuda
2024-10-24 13:55:08.697718,336,706.58,2.59,14.20,1,True,cuda
2024-10-24 13:55:08.698744,337,707.48,0.00,0.00,0,False,cuda
2024-10-24 13:55:08.699552,338,714.17,0.00,0.00,0,False,cuda
2024-10-24 13:55:08.719050,339,745.42,2.55,14.18,1,True,cuda
2024-10-24 13:55:08.720006,340,746.28,0.00,0.00,0,False,cuda
2024-10-24 13:55:08.720849,341,745.97,0.00,0.00,0,False,cuda
2024-10-24 13:55:08.740644,342,745.81,2.60,14.39,1,True,cuda
2024-10-24 13:55:08.741820,343,746.07,0.00,0.00,0,False,cuda
2024-10-24 13:55:08.742978,344,740.18,0.00,0.00,0,False,cuda
2024-10-24 13:55:08.762566,345,729.35,2.49,14.19,1,True,cuda
2024-10-24 13:55:08.763774,346,729.48,0.00,0.00,0,False,cuda
2024-10-24 13:55:08.764895,347,721.43,0.00,0.00,0,False,cuda
2024-10-24 13:55:08.784930,348,711.73,2.59,14.23,1,True,cuda
2024-10-24 13:55:08.786156,349,712.18,0.00,0.00,0,False,cuda
2024-10-24 13:55:08.787295,350,705.87,0.00,0.00,0,False,cuda
2024-10-24 13:55:08.808418,351,697.96,2.65,14.08,1,True,cuda
2024-10-24 13:55:08.809588,352,698.10,0.00,0.00,0,False,cuda
2024-10-24 13:55:08.810818,353,696.57,0.00,0.00,0,False,cuda
2024-10-24 13:55:08.833807,354,706.96,2.53,14.24,1,True,cuda
2024-10-24 13:55:08.834993,355,706.80,0.00,0.00,0,False,cuda
2024-10-24 13:55:08.836122,356,697.95,0.00,0.00,0,False,cuda
2024-10-24 13:55:08.857110,357,685.35,2.53,14.22,1,True,cuda
2024-10-24 13:55:08.858310,358,685.26,0.00,0.00,0,False,cuda
2024-10-24 13:55:08.859425,359,677.27,0.00,0.00,0,False,cuda
2024-10-24 13:55:08.879175,360,669.14,2.51,14.24,1,True,cuda
2024-10-24 13:55:08.880356,361,669.21,0.00,0.00,0,False,cuda
2024-10-24 13:55:08.881491,362,661.49,0.00,0.00,0,False,cuda
2024-10-24 13:55:08.901301,363,651.04,2.47,14.26,1,True,cuda
2024-10-24 13:55:08.902423,364,651.03,0.00,0.00,0,False,cuda
2024-10-24 13:55:08.903307,365,646.09,0.00,0.00,0,False,cuda
2024-10-24 13:55:08.924027,366,624.75,2.43,14.26,1,True,cuda
2024-10-24 13:55:08.925179,367,624.75,0.00,0.00,0,False,cuda
2024-10-24 13:55:08.926343,368,618.77,0.00,0.00,0,False,cuda
2024-10-24 13:55:08.946053,369,606.49,2.47,14.33,1,True,cuda
2024-10-24 13:55:08.947264,370,606.47,0.00,0.00,0,False,cuda
2024-10-24 13:55:08.948389,371,598.68,0.00,0.00,0,False,cuda
2024-10-24 13:55:08.967924,372,588.94,2.52,14.10,1,True,cuda
2024-10-24 13:55:08.969032,373,588.97,0.00,0.00,0,False,cuda
2024-10-24 13:55:08.970108,374,590.87,0.00,0.00,0,False,cuda
2024-10-24 13:55:08.989564,375,591.02,2.45,14.06,1,True,cuda
2024-10-24 13:55:08.990688,376,591.03,0.00,0.00,0,False,cuda
2024-10-24 13:55:08.991760,377,593.83,0.00,0.00,0,False,cuda
2024-10-24 13:55:09.011299,378,594.88,2.57,14.08,1,True,cuda
2024-10-24 13:55:09.012438,379,594.93,0.00,0.00,0,False,cuda
2024-10-24 13:55:09.013512,380,597.06,0.00,0.00,0,False,cuda
2024-10-24 13:55:09.080284,381,599.10,2.43,14.92,1,True,cuda
